,City,Country,Code,Hemisphere,Latitude,Longitude,Temperature,Humidity,Cloudiness,Wind_Speed
0,Adak,United States,US,Northern,50,-175,41.0,93,6.93,75
1,Honolulu,United States,US,Northern,20,-160,75.52,88,10.85,40
2,Barrow,United States,US,Northern,70,-155,24.8,62,16.11,90
3,Hilo,United States,US,Northern,20,-155,64.87,56,5.82,75
4,Anchorage,United States,US,Northern,60,-150,38.61,82,0.76,90
5,Deadhorse,United States,US,Northern,70,-150,23.0,85,16.11,90
6,Fairbanks,United States,US,Northern,65,-150,26.42,63,10.29,40
7,Sitka,United States,US,Northern,55,-135,46.4,81,10.29,75
8,Whitehorse,Canada,CA,Northern,60,-135,36.0,85,10.29,90
9,Juneau,United States,US,Northern,60,-135,45.77,75,13.87,90
10,Tuktoyaktuk,Canada,CA,Northern,70,-135,30.2,74,21.92,75
11,Victoria,Canada,CA,Northern,50,-125,77.83,82,15.03,29
12,Vancouver,Canada,CA,Northern,50,-125,49.19,87,10.29,75
13,Portland,United States,US,Northern,45,-125,54.41,87,5.82,90
14,San Francisco,United States,US,Northern,40,-120,61.25,77,4.72,20
15,Seattle,United States,US,Northern,50,-120,51.87,71,9.17,75
16,Sacramento,United States,US,Northern,40,-120,62.94,88,8.05,90
17,Kamloops,Canada,CA,Northern,50,-120,42.8,87,3.0,20
18,Reno,United States,US,Northern,40,-120,53.31,54,9.17,20
19,Santa Barbara,United States,US,Northern,35,-120,65.05,82,5.26,75
20,Kelowna,Canada,CA,Northern,50,-120,50.43,53,10.29,90
21,Grande Prairie,Canada,CA,Northern,55,-120,37.4,93,6.93,75
22,Los Angeles,United States,US,Northern,35,-120,66.61,77,3.04,90
23,Riverside,United States,US,Northern,35,-115,77.56,39,5.82,1
24,San Diego,United States,US,Northern,35,-115,68.99,68,3.06,90
25,Tijuana,Mexico,MX,Northern,35,-115,68.67,77,9.17,90
26,Ensenada,Mexico,MX,Northern,30,-115,69.01,80,1.01,49
27,Boise,United States,US,Northern,45,-115,48.25,70,8.37,40
28,Mexicali,Mexico,MX,Northern,35,-115,79.39,33,1.28,5
29,Las Vegas,United States,US,Northern,35,-115,75.16,23,3.36,1
30,Yellowknife,Canada,CA,Northern,60,-115,32.27,89,12.75,90
31,Calgary,Canada,CA,Northern,50,-115,47.41,27,15.01,19
32,Edmonton,Canada,CA,Northern,55,-115,40.3,66,16.11,75
33,Phoenix,United States,US,Northern,35,-110,81.23,26,3.0,0
34,Helena,United States,US,Northern,45,-110,46.06,39,16.11,40
35,Salt Lake City,United States,US,Northern,40,-110,46.92,70,15.95,75
36,Fort McMurray,Canada,CA,Northern,55,-110,32.0,91,9.17,90
37,Hermosillo,Mexico,MX,Northern,30,-110,82.27,62,8.05,20
38,Tucson,United States,US,Northern,30,-110,79.81,23,8.05,1
39,Cabo San Lucas,Mexico,MX,Northern,25,-110,83.07,74,4.7,5
40,Culiacán,Mexico,MX,Northern,25,-105,88.93,70,3.36,40
41,Saskatoon,Canada,CA,Northern,50,-105,48.83,70,26.4,90
42,Albuquerque,United States,US,Northern,35,-105,67.86,16,6.93,1
43,Ciudad Juárez,Mexico,MX,Northern,30,-105,75.94,19,5.82,5
44,El Paso,United States,US,Northern,30,-105,76.26,19,6.93,1
45,Los Alamos,United States,US,Northern,35,-105,62.91,20,20.8,1
46,Chihuahua,Mexico,MX,Northern,30,-105,78.06,27,7.45,5
47,Santa Fe,United States,US,Northern,35,-105,76.98,23,4.0,3
48,Boulder,United States,US,Northern,40,-105,70.0,15,17.22,1
49,Puerto Vallarta,Mexico,MX,Northern,20,-105,87.12,70,3.36,40
50,Denver,United States,US,Northern,40,-105,72.01,21,1.01,23
51,Cheyenne,United States,US,Northern,40,-105,62.98,25,28.86,1
52,Durango,Mexico,MX,Northern,25,-105,72.54,22,3.51,5
53,Regina,Canada,CA,Northern,50,-105,52.39,62,24.16,75
54,Torreón,Mexico,MX,Northern,25,-105,75.2,19,1.5,5
55,Zapopan,Mexico,MX,Northern,20,-105,73.47,64,2.04,40
56,Guadalajara,Mexico,MX,Northern,20,-105,73.26,64,1.97,40
57,Aguascalientes,Mexico,MX,Northern,20,-100,66.2,68,4.92,40
58,León,Mexico,MX,Northern,20,-100,71.6,49,5.1,75
59,San Luis Potosí,Mexico,MX,Northern,20,-100,68.0,42,6.22,75
60,Bismarck,United States,US,Northern,45,-100,63.14,39,16.11,1
61,Querétaro,Mexico,MX,Northern,20,-100,66.2,52,5.82,90
62,Pierre,United States,US,Northern,45,-100,66.2,63,4.7,90
63,Monterrey,Mexico,MX,Northern,25,-100,82.24,28,11.41,5
64,Acapulco,Mexico,MX,Northern,15,-100,80.6,83,4.7,75
65,Mexico City,Mexico,MX,Northern,20,-100,68.0,37,3.36,75
66,San Antonio,United States,US,Northern,30,-100,82.99,61,8.05,1
67,Puebla,Mexico,MX,Northern,20,-100,68.86,59,2.24,90
68,Tampico,Mexico,MX,Northern,20,-100,53.6,93,6.78,90
69,Austin,United States,US,Northern,30,-100,85.82,51,3.36,1
70,Oklahoma City,United States,US,Northern,35,-100,79.48,65,18.34,1
71,Wichita,United States,US,Northern,40,-95,76.53,61,21.92,1
72,Winnipeg,Canada,CA,Northern,50,-95,60.93,44,17.22,90
73,Dallas,United States,US,Northern,35,-95,82.94,61,6.93,1
74,Lincoln,United States,US,Northern,40,-95,77.09,60,23.04,1
75,Veracruz,Mexico,MX,Northern,20,-95,86.5,70,8.05,75
76,Tulsa,United States,US,Northern,35,-95,79.03,57,10.29,1
77,Houston,United States,US,Northern,30,-95,86.36,70,9.17,40
78,Kansas City,United States,US,Northern,40,-95,77.83,61,12.75,1
79,Des Moines,United States,US,Northern,40,-95,69.84,68,9.17,20
80,Springfield,United States,US,Northern,35,-95,77.59,64,9.17,1
81,Minneapolis,United States,US,Northern,45,-95,56.03,66,16.11,90
82,Little Rock,United States,US,Northern,35,-90,73.44,78,4.7,75
83,Tapachula,Mexico,MX,Northern,15,-90,86.0,70,4.7,20
84,Quetzaltenango,Guatemala,GT,Northern,15,-90,72.75,60,4.38,11
85,Guatemala City,Guatemala,GT,Northern,15,-90,76.35,69,2.13,40
86,St. Louis,United States,US,Northern,40,-90,75.88,69,5.82,1
87,Jackson,United States,US,Northern,30,-90,47.12,100,4.7,90
88,New Orleans,United States,US,Northern,30,-90,82.99,83,8.05,40
89,Memphis,United States,US,Northern,35,-90,70.83,83,5.82,90
90,Mérida,Mexico,MX,Northern,20,-90,86.13,79,8.05,40
91,Thunder Bay,Canada,CA,Northern,50,-90,52.81,71,16.11,75
92,San Salvador,El Salvador,SV,Northern,15,-90,82.56,78,4.7,20
93,Belmopan,Belize,BZ,Northern,15,-90,89.01,66,2.8,100
94,Belize City,Belize,BZ,Northern,20,-90,87.91,79,6.93,75
95,Mobile,United States,US,Northern,30,-90,79.03,65,11.41,40
96,Milwaukee,United States,US,Northern,45,-90,56.7,82,9.17,90
97,Chicago,United States,US,Northern,40,-90,64.44,63,6.93,20
98,Tegucigalpa,Honduras,HN,Northern,15,-85,82.2,74,3.36,40
99,Chinandega,Nicaragua,NI,Northern,15,-85,87.8,70,4.7,40
100,Cancún,Mexico,MX,Northern,20,-85,87.39,70,6.93,40
101,Birmingham,United States,US,Northern,35,-85,70.0,88,8.05,90
102,Nashville,United States,US,Northern,35,-85,68.74,88,5.82,90
103,Managua,Nicaragua,NI,Northern,10,-85,82.4,78,6.93,40
104,Indianapolis,United States,US,Northern,40,-85,69.55,82,12.75,90
105,Louisville,United States,US,Northern,40,-85,74.77,69,12.75,90
106,Liberia,Costa Rica,CR,Northern,10,-85,78.03,84,7.07,63
107,Fort Wayne,United States,US,Northern,40,-85,65.93,68,14.99,75
108,Puntarenas,Costa Rica,CR,Northern,10,-85,80.6,57,12.75,20
109,Cincinnati,United States,US,Northern,40,-85,69.67,77,8.05,75
110,Atlanta,United States,US,Northern,35,-85,70.59,83,5.82,90
111,Sault Ste. Marie,Canada,CA,Northern,45,-85,43.29,75,6.93,90
112,Alajuela,Costa Rica,CR,Northern,10,-85,77.65,57,12.75,20
113,San José,Costa Rica,CR,Northern,10,-85,62.24,82,4.7,40
114,Knoxville,United States,US,Northern,35,-85,68.7,88,5.17,97
115,Detroit,United States,US,Northern,40,-85,58.46,67,9.17,1
116,Limón,Costa Rica,CR,Northern,10,-85,86.0,74,3.36,75
117,Windsor,Canada,CA,Northern,40,-85,58.46,72,12.75,1
118,Columbus,United States,US,Northern,40,-85,68.05,88,9.17,90
119,Tampa,United States,US,Northern,30,-80,85.24,83,16.11,75
120,Havana,Cuba,CU,Northern,25,-80,87.4,66,4.7,75
121,Key West,United States,US,Northern,25,-80,88.43,70,8.05,20
122,Cleveland,United States,US,Northern,40,-80,63.59,67,10.29,75
123,Jacksonville,United States,US,Northern,30,-80,83.48,83,12.75,75
124,Charleston,United States,US,Northern,40,-80,82.98,79,14.99,75
125,Orlando,United States,US,Northern,30,-80,88.36,62,11.41,20
126,Columbia,United States,US,Northern,35,-80,78.03,94,5.82,90
127,Sudbury,Canada,CA,Northern,45,-80,43.47,56,9.17,5
128,Charlotte,United States,US,Northern,35,-80,70.56,88,12.75,90
129,Miami,United States,US,Northern,25,-80,88.48,62,6.93,75
130,Pittsburgh,United States,US,Northern,40,-80,68.4,88,4.7,75
131,Panama City,Panama,PA,Northern,10,-80,89.74,66,11.41,20
132,North Bay,Canada,CA,Northern,45,-80,43.29,52,4.7,20
133,Toronto,Canada,CA,Northern,45,-80,48.94,70,19.46,75
134,Buffalo,United States,US,Northern,45,-80,56.59,58,17.22,40
135,Raleigh,United States,US,Northern,35,-80,66.74,88,6.93,90
136,Wilmington,United States,US,Northern,35,-80,75.67,94,9.17,90
137,Rochester,United States,US,Northern,45,-80,52.38,62,12.75,40
138,Washington,United States,US,Northern,40,-75,50.11,66,2.89,2
139,Kingston,Jamaica,JM,Northern,20,-75,87.01,60,9.17,20
140,Baltimore,United States,US,Northern,40,-75,68.58,77,4.59,90
141,Santiago de Cali,Colombia,CO,Northern,5,-75,85.14,58,2.24,75
142,Virginia Beach,United States,US,Northern,35,-75,71.22,83,6.93,90
143,Santiago de Cuba,Cuba,CU,Northern,20,-75,89.6,62,6.93,40
144,Ottawa,Canada,CA,Northern,45,-75,46.9,52,8.05,20
145,Medellín,Colombia,CO,Northern,5,-75,75.33,41,11.41,75
146,Dover,United States,US,Northern,40,-75,69.67,88,4.7,90
147,Cartagena,Colombia,CO,Northern,10,-75,91.4,66,10.29,40
148,Philadelphia,United States,US,Northern,40,-75,66.11,68,10.29,90
149,Barranquilla,Colombia,CO,Northern,10,-75,89.6,66,8.05,20
150,Trenton,United States,US,Northern,40,-75,66.27,68,8.05,90
151,Forked River,United States,US,Northern,40,-75,66.51,68,11.41,75
152,Bogotá,Colombia,CO,Northern,5,-75,64.4,45,11.41,40
153,Jersey City,United States,US,Northern,40,-75,65.32,63,11.41,90
154,New York City,United States,US,Northern,40,-75,65.19,63,11.41,90
155,Montreal,Canada,CA,Northern,45,-75,47.08,52,8.05,40
156,Hartford,United States,US,Northern,40,-75,61.29,45,11.41,40
157,Montpelier,United States,US,Northern,45,-75,49.64,45,4.7,1
158,Cúcuta,Colombia,CO,Northern,10,-75,95.0,34,20.8,20
159,Port-au-Prince,Haiti,HT,Northern,20,-70,86.63,64,3.13,29
160,Concord,United States,US,Northern,45,-70,63.95,77,5.59,1
161,Providence,United States,US,Northern,40,-70,62.58,45,5.82,40
162,Quebec City,Canada,CA,Northern,45,-70,45.34,48,6.93,20
163,Cockburn Town,United Kingdom,GB,Northern,20,-70,86.0,66,8.05,40
164,Boston,United States,US,Northern,40,-70,60.3,51,14.99,40
165,Oranjestad,Netherlands,NL,Northern,15,-70,87.8,66,18.34,75
166,Santo Domingo,Dominican Republic,DO,Northern,20,-70,86.74,70,9.17,40
167,Augusta,United States,US,Northern,45,-70,44.87,81,9.17,90
168,Qaanaaq,Denmark,DK,Northern,75,-70,29.91,85,5.68,43
169,Willemstad,Netherlands,NL,Northern,10,-70,87.8,66,14.99,40
170,Iqaluit,Canada,CA,Northern,65,-70,39.09,90,18.34,75
171,Puerto Ayacucho,Venezuela,VU,Northern,5,-70,90.86,53,2.91,1
172,Maracay,Venezuela,VU,Northern,10,-70,85.44,56,4.38,8
173,Caracas,Venezuela,VU,Northern,10,-65,80.51,60,5.01,17
174,Fredericton,Canada,CA,Northern,45,-65,47.21,45,19.46,20
175,Yarmouth,Canada,CA,Northern,45,-65,59.36,55,16.11,1
176,Saint John,Canada,CA,Northern,45,-65,46.2,48,21.92,20
177,San Juan,United States,US,Northern,20,-65,72.0,20,5.1,0
178,Charlotte Amalie,United States,US,Northern,20,-65,86.94,62,11.41,1
179,Hamilton,United Kingdom,GB,Northern,30,-65,69.8,77,8.05,75
180,Moncton,Canada,CA,Northern,45,-65,45.81,56,18.34,75
181,Road Town,United Kingdom,GB,Northern,20,-65,87.31,70,8.05,40
182,Ciudad Bolívar,Venezuela,VU,Northern,10,-65,91.04,52,5.48,12
183,Halifax,Canada,CA,Northern,45,-65,53.56,62,4.0,0
184,Charlottetown,Canada,CA,Northern,45,-65,44.69,70,12.75,90
185,The Valley,United Kingdom,GB,Northern,20,-65,84.9,70,9.17,75
186,Basseterre,Saint Kitts and Nevis,KN,Northern,15,-65,86.0,74,12.75,20
187,Alert,Canada,CA,Northern,85,-60,72.12,77,10.29,90
188,St. John's,Antigua and Barbuda,AG,Northern,15,-60,63.63,79,11.99,96
189,St. George's,Grenada,GD,Northern,10,-60,87.8,70,16.11,40
190,Basse-Terre,France,FR,Northern,15,-60,87.8,62,16.11,12
191,Port of Spain,Trinidad and Tobago,TT,Northern,10,-60,82.69,83,9.17,75
192,San Fernando,Trinidad and Tobago,TT,Northern,10,-60,75.2,100,6.93,90
193,Roseau,Dominica,DM,Northern,15,-60,87.24,52,5.82,20
194,Chaguanas,Trinidad and Tobago,TT,Northern,10,-60,82.71,83,9.17,75
195,Kingstown,Saint Vincent and the Grenadines,VC,Northern,15,-60,80.6,83,2.24,40
196,Fort-de-France,France,FR,Northern,15,-60,84.69,70,19.46,20
197,Castries,Saint Lucia,LC,Northern,15,-60,87.8,74,13.87,40
198,Boa Vista,Brazil,BR,Northern,5,-60,91.4,52,10.29,75
199,Bridgetown,Barbados,BB,Northern,15,-60,86.0,70,13.87,20
200,Georgetown,Guyana,GY,Northern,5,-60,80.29,88,4.7,20
201,Saint-Pierre,France,FR,Northern,45,-55,71.47,83,6.93,11
202,Upernavik,Denmark,DK,Northern,75,-55,37.53,75,5.5,100
203,Paramaribo,Suriname,SR,Northern,5,-55,92.59,52,2.24,40
204,St. John's,Canada,CA,Northern,50,-55,63.63,79,11.99,96
205,Cayenne,France,FR,Northern,5,-50,91.4,52,9.17,20
206,Nuuk,Denmark,DK,Northern,65,-50,39.09,80,31.09,90
207,Macapá,Brazil,BR,Northern,0,-50,93.2,56,9.17,40
208,Qaqortoq,Denmark,DK,Northern,60,-45,39.2,93,5.82,100
209,Horta,Portugal,PT,Northern,40,-30,68.0,94,13.87,75
210,Angra do Heroísmo,Portugal,PT,Northern,40,-25,69.84,77,14.74,75
211,Ponta Delgada,Portugal,PT,Northern,40,-25,71.6,60,9.17,40
212,Praia,Cape Verde,CV,Northern,15,-25,84.2,66,19.46,20
213,Ísafjörður,Iceland,IS,Northern,65,-25,46.4,81,6.93,75
214,Reykjavík,Iceland,IS,Northern,65,-20,46.4,81,6.93,75
215,Akureyri,Iceland,IS,Northern,65,-20,46.4,81,3.36,90
216,Dakar,Senegal,SN,Northern,15,-15,86.0,74,13.87,40
217,Thiès,Senegal,SN,Northern,15,-15,87.8,70,11.41,40
218,Funchal,Portugal,PT,Northern,35,-15,73.2,64,14.99,40
219,Nord,Denmark,DK,Northern,80,-15,92.7,12,6.6,0
220,Serekunda,Gambia,GM,Northern,15,-15,91.4,59,4.7,40
221,Brikama,Gambia,GM,Northern,15,-15,91.4,59,4.7,40
222,Banjul,Gambia,GM,Northern,15,-15,91.4,59,4.7,40
223,Santa Cruz de Tenerife,Spain,ES,Northern,30,-15,73.08,78,13.87,40
224,Nouakchott,Mauritania,MR,Northern,20,-15,80.6,74,12.75,0
225,Bissau,Guinea-Bissau,GW,Northern,10,-15,89.6,59,5.82,40
226,Las Palmas de Gran Canaria,Spain,ES,Northern,30,-15,76.33,69,27.51,20
227,Conakry,Guinea,GN,Northern,10,-15,86.0,74,6.93,75
228,Freetown,Sierra Leone,SL,Northern,10,-15,81.81,75,7.49,65
229,El Aaiún,Morocco,MA,Northern,25,-15,91.4,36,18.34,89
230,Monrovia,Liberia,LR,Northern,5,-10,80.6,88,11.3,75
231,Lisbon,Portugal,PT,Northern,40,-10,75.78,24,14.99,0
232,Nzérékoré,Guinea,GN,Northern,10,-10,76.93,92,3.71,54
233,Porto,Portugal,PT,Northern,40,-10,70.18,52,10.29,0
234,Cork,Ireland,IE,Northern,50,-10,55.69,67,5.82,20
235,Marrakech,Morocco,MA,Northern,30,-10,95.0,19,9.17,40
236,Bamako,Mali,ML,Northern,15,-10,86.0,66,5.82,75
237,Casablanca,Morocco,MA,Northern,35,-10,74.57,78,10.29,1
238,Koulikoro,Mali,ML,Northern,15,-10,88.77,45,12.24,85
239,Rabat,Morocco,MA,Northern,35,-5,74.16,69,6.93,2
240,Tórshavn,Denmark,DK,Northern,60,-5,44.6,81,5.3,100
241,Dublin,Ireland,IE,Northern,55,-5,62.69,72,3.36,1
242,Sevilla,Spain,ES,Northern,35,-5,84.2,28,6.93,0
243,Belfast,United Kingdom,GB,Northern,55,-5,53.85,71,5.82,68
244,Gibraltar,United Kingdom,GB,Northern,35,-5,71.6,68,6.93,42
245,Yamoussoukro,Ivory Coast,IT,Northern,5,-5,82.0,78,4.79,66
246,Douglas,United Kingdom,GB,Northern,55,-5,75.97,61,17.22,1
247,Brest,France,FR,Northern,50,-5,51.8,90,8.95,100
248,Málaga,Spain,ES,Northern,35,-5,72.91,56,6.93,20
249,Bobo-Dioulasso,Burkina Faso,BF,Northern,10,-5,75.2,94,8.05,40
250,Glasgow,United Kingdom,GB,Northern,55,-5,52.16,66,6.93,23
251,Inverness,United Kingdom,GB,Northern,55,-5,50.97,71,4.7,75
252,Plymouth,United Kingdom,GB,Northern,50,-5,60.21,62,12.75,40
253,Abidjan,Ivory Coast,IT,Northern,5,-5,82.4,78,12.75,40
254,Swansea,United Kingdom,GB,Northern,50,-5,55.11,66,1.99,0
255,Madrid,Spain,ES,Northern,40,-5,63.59,29,6.93,0
256,Exeter,United Kingdom,GB,Northern,50,-5,56.59,76,5.01,7
257,Edinburgh,United Kingdom,GB,Northern,55,-5,52.3,66,3.36,75
258,Cardiff,United Kingdom,GB,Northern,50,-5,56.43,58,4.7,17
259,Timbuktu,Mali,ML,Northern,15,-5,96.8,23,14.85,35
260,Liverpool,United Kingdom,GB,Northern,55,-5,54.39,62,12.75,20
261,Dundee,United Kingdom,GB,Northern,55,-5,53.11,62,3.36,20
262,Bilbao,Spain,ES,Northern,45,-5,56.7,77,5.82,75
263,Bristol,United Kingdom,GB,Northern,50,-5,61.88,48,5.82,1
264,Bath,United Kingdom,GB,Northern,50,0,55.0,72,1.99,3
265,Gloucester,United Kingdom,GB,Northern,50,0,54.68,62,6.93,20
266,Manchester,United Kingdom,GB,Northern,55,0,53.55,62,8.05,75
267,Aberdeen,United Kingdom,GB,Northern,55,0,48.42,87,11.41,75
268,Birmingham,United Kingdom,GB,Northern,50,0,70.0,88,8.05,90
269,Sekondi-Takoradi,Ghana,GH,Northern,5,0,77.88,84,11.14,95
270,Bradford,United Kingdom,GB,Northern,55,0,51.28,71,8.05,40
271,Kumasi,Ghana,GH,Northern,5,0,77.52,91,4.68,79
272,Newcastle upon Tyne,United Kingdom,GB,Northern,55,0,51.71,66,5.82,75
273,Nantes,France,FR,Northern,45,0,56.05,82,5.82,40
274,Leeds,United Kingdom,GB,Northern,55,0,51.39,71,8.05,40
275,Ouagadougou,Burkina Faso,BF,Northern,10,0,87.8,58,9.17,40
276,Coventry,United Kingdom,GB,Northern,50,0,52.9,62,6.93,40
277,Sheffield,United Kingdom,GB,Northern,55,0,52.63,70,5.79,47
278,Southampton,United Kingdom,GB,Northern,50,0,55.51,58,6.93,40
279,Oxford,United Kingdom,GB,Northern,50,0,54.41,66,9.17,20
280,Nottingham,United Kingdom,GB,Northern,55,0,53.13,62,5.82,36
281,Leicester,United Kingdom,GB,Northern,55,0,52.3,74,1.99,24
282,Portsmouth,United Kingdom,GB,Northern,50,0,56.17,68,10.27,6
283,Zaragoza,Spain,ES,Northern,40,0,60.8,51,27.51,40
284,Tamale,Ghana,GH,Northern,10,0,82.08,77,4.74,64
285,Bordeaux,France,FR,Northern,45,0,58.75,77,14.99,47
286,Valencia,Spain,ES,Northern,40,0,68.0,43,8.99,0
287,Peterborough,United Kingdom,GB,Northern,55,0,52.29,71,8.05,37
288,Accra,Ghana,GH,Northern,5,0,82.4,74,13.87,20
289,Brighton and Hove,United Kingdom,GB,Northern,50,0,53.96,66,9.17,20
290,London,United Kingdom,GB,Northern,50,0,55.76,54,6.93,20
291,Greenwich,United Kingdom,GB,Northern,50,0,63.75,59,6.93,75
292,Le Havre,France,FR,Northern,50,0,53.6,71,11.41,75
293,Cambridge,United Kingdom,GB,Northern,50,0,49.82,76,17.22,90
294,Lleida,Spain,ES,Northern,40,0,64.47,39,21.92,20
295,Rouen,France,FR,Northern,50,0,53.94,62,9.17,20
296,Lomé,Togo,TG,Northern,5,0,80.6,83,9.17,40
297,Norwich,United Kingdom,GB,Northern,55,0,51.48,87,12.75,40
298,Tiaret,Algeria,DZ,Northern,35,0,66.2,52,13.87,40
299,Ibiza,Spain,ES,Northern,40,0,66.92,45,9.17,20
300,Toulouse,France,FR,Northern,45,0,56.25,58,19.46,90
301,Andorra la Vella,Andorra,AD,Northern,45,0,43.11,35,8.05,75
302,Calais,France,FR,Northern,50,0,54.3,82,4.0,75
303,Orléans,France,FR,Northern,50,0,56.1,62,10.29,0
304,Niamey,Niger,NE,Northern,15,0,95.0,32,5.82,61
305,Barcelona,Spain,ES,Northern,40,0,64.87,45,8.05,20
306,Paris,France,FR,Northern,50,0,54.7,81,8.05,40
307,Cotonou,Benin,BJ,Northern,5,0,80.6,88,10.29,40
308,Porto-Novo,Benin,BJ,Northern,5,5,80.6,88,10.29,40
309,Palma,Spain,ES,Northern,40,5,63.03,72,2.24,67
310,Algiers,Algeria,DZ,Northern,35,5,66.2,93,3.36,75
311,Lagos,Nigeria,NG,Northern,5,5,84.2,74,9.17,75
312,Ghent,Belgium,BE,Northern,50,5,52.38,72,7.2,33
313,Ibadan,Nigeria,NG,Northern,5,5,77.61,88,3.67,96
314,The Hague,Netherlands,NL,Northern,50,5,54.43,71,11.41,40
315,Brussels,Belgium,BE,Northern,50,5,52.77,71,11.41,20
316,Antwerp,Belgium,BE,Northern,50,5,55.09,58,12.75,20
317,Charleroi,Belgium,BE,Northern,50,5,50.32,81,5.82,20
318,Rotterdam,Netherlands,NL,Northern,50,5,54.14,71,11.41,26
319,Leiden,Netherlands,NL,Northern,50,5,53.76,75,4.0,33
320,Haarlem,Netherlands,NL,Northern,50,5,53.29,76,16.11,40
321,Lyon,France,FR,Northern,45,5,50.83,71,12.75,75
322,Amsterdam,Netherlands,NL,Northern,50,5,53.65,76,16.11,40
323,Utrecht,Netherlands,NL,Northern,50,5,53.4,85,1.01,23
324,Bergen,Norway,NO,Northern,60,5,49.86,71,21.92,20
325,Marseille,France,FR,Northern,45,5,58.64,50,14.0,0
326,Benin City,Nigeria,NG,Northern,5,5,79.32,83,4.09,80
327,Maastricht,Netherlands,NL,Northern,50,5,51.15,87,4.7,90
328,Luxembourg,Luxembourg,LU,Northern,50,5,48.34,80,1.01,36
329,Geneva,Switzerland,CH,Northern,45,5,66.15,72,6.93,90
330,Groningen,Netherlands,NL,Northern,55,5,50.0,87,6.93,75
331,Lausanne,Switzerland,CH,Northern,45,5,43.74,78,3.0,67
332,São Tomé,São Tomé and Príncipe,ST,Northern,0,5,79.05,79,11.59,21
333,Düsseldorf,Germany,DE,Northern,50,5,51.1,81,8.05,75
334,Enschede,Netherlands,NL,Northern,50,5,50.32,89,1.99,96
335,Cologne,Germany,DE,Northern,50,5,54.0,62,10.29,40
336,Port Harcourt,Nigeria,NG,Northern,5,5,78.8,94,5.82,75
337,Cannes,France,FR,Northern,45,5,56.66,63,10.29,100
338,Nice,France,FR,Northern,45,5,53.8,82,18.34,75
339,Monaco,Monaco,MC,Northern,45,5,57.81,71,16.11,75
340,Bern,Switzerland,CH,Northern,45,5,47.98,66,2.24,75
341,Abuja,Nigeria,NG,Northern,10,5,86.0,70,8.05,40
342,Enugu,Nigeria,NG,Northern,5,10,86.0,66,6.93,75
343,Basel,Switzerland,CH,Northern,50,10,47.39,87,3.36,75
344,Turin,Italy,IT,Northern,45,10,57.67,51,4.7,40
345,Strasbourg,France,FR,Northern,50,10,50.29,66,2.24,90
346,Kristiansand,Norway,NO,Northern,60,10,53.47,66,4.7,0
347,Esbjerg,Denmark,DK,Northern,55,10,50.0,93,5.82,8
348,Kano,Nigeria,NG,Northern,10,10,89.6,52,4.7,22
349,Zürich,Switzerland,CH,Northern,45,10,48.6,57,1.99,90
350,Frankfurt am Main,Germany,DE,Northern,50,10,54.45,47,6.93,20
351,Malabo,Equatorial Guinea,GQ,Northern,5,10,78.15,78,8.57,19
352,Bremen,Germany,DE,Northern,55,10,50.77,87,9.17,40
353,Cagliari,Italy,IT,Northern,40,10,64.26,52,12.75,20
354,Stuttgart,Germany,DE,Northern,50,10,49.48,71,5.21,20
355,Milan,Italy,IT,Northern,45,10,53.29,87,6.93,75
356,Libreville,Gabon,GA,Northern,0,10,80.6,83,9.17,40
357,Vaduz,Liechtenstein,LI,Northern,45,10,42.71,93,3.74,100
358,Douala,Cameroon,CM,Northern,5,10,82.4,74,4.7,75
359,Hannover,Germany,DE,Northern,50,10,51.01,81,10.29,75
360,Hamburg,Germany,DE,Northern,55,10,51.91,81,8.05,40
361,Kiel,Germany,DE,Northern,55,10,49.41,87,5.82,28
362,Tunis,Tunisia,TN,Northern,35,10,84.2,35,14.99,40
363,Aarhus,Denmark,DK,Northern,55,10,49.19,76,1.59,39
364,Odense,Denmark,DK,Northern,55,10,50.94,81,8.05,40
365,Trondheim,Norway,NO,Northern,65,10,48.51,78,3.0,100
366,Lillehammer,Norway,NO,Northern,60,10,39.99,88,1.99,75
367,Oslo,Norway,NO,Northern,60,10,50.04,50,3.71,84
368,Sfax,Tunisia,TN,Northern,35,10,77.0,65,9.17,40
369,Stjørdal,Norway,NO,Northern,65,10,48.65,93,9.17,75
370,Sarpsborg,Norway,NO,Northern,60,10,49.82,66,3.36,92
371,Florence,Italy,IT,Northern,45,10,56.55,77,4.7,75
372,Bologna,Italy,IT,Northern,45,10,51.22,93,4.7,75
373,Innsbruck,Austria,AT,Northern,45,10,41.54,87,8.05,75
374,Yaoundé,Cameroon,CM,Northern,5,10,78.8,69,2.24,75
375,Munich,Germany,DE,Northern,50,10,45.9,72,1.12,100
376,Gothenburg,Sweden,SE,Northern,60,10,49.01,87,5.82,75
377,Venice,Italy,IT,Northern,45,10,86.68,79,13.87,40
378,Leipzig,Germany,DE,Northern,50,10,51.22,62,8.05,20
379,San Marino,San Marino,SM,Northern,45,10,53.44,87,3.36,75
380,Vatican City,Vatican City,VU,Northern,40,10,62.31,67,6.93,40
381,Rome,Italy,IT,Northern,40,15,70.63,83,3.36,90
382,Copenhagen,Denmark,DK,Northern,55,15,50.7,71,8.05,96
383,Malmö,Sweden,SE,Northern,55,15,50.65,71,8.05,100
384,Salzburg,Austria,AT,Northern,50,15,42.42,87,4.7,75
385,Tripoli,Libya,LY,Northern,35,15,79.36,66,9.57,0
386,Palermo,Italy,IT,Northern,40,15,68.31,75,5.01,87
387,Berlin,Germany,DE,Northern,55,15,50.63,71,5.82,20
388,Dresden,Germany,DE,Northern,50,15,47.84,70,3.36,20
389,Naples,Italy,IT,Northern,40,15,62.94,72,5.82,40
390,Linz,Austria,AT,Northern,50,15,44.89,100,3.36,75
391,Prague,Czech Republic,CZ,Northern,50,15,46.51,81,1.12,75
392,Sabha,Libya,LY,Northern,25,15,84.83,24,5.73,100
393,Birkirkara,Malta,MT,Northern,35,15,71.24,73,9.17,0
394,Ljubljana,Slovenia,SI,Northern,45,15,42.37,93,8.05,90
395,Valletta,Malta,MT,Northern,35,15,71.24,73,9.17,0
396,Bodø,Norway,NO,Northern,65,15,48.76,87,5.82,75
397,Östersund,Sweden,SE,Northern,65,15,41.0,100,6.93,100
398,N'Djamena,Chad,TD,Northern,10,15,98.6,27,3.36,2
399,Catania,Italy,IT,Northern,40,15,72.18,73,11.41,24
400,Graz,Austria,AT,Northern,45,15,42.94,87,8.05,90
401,Messina,Italy,IT,Northern,40,15,70.65,49,4.7,20
402,Longyearbyen,Norway,NO,Northern,80,15,24.8,68,3.36,40
403,Zagreb,Croatia,HR,Northern,45,15,50.14,76,13.87,90
404,Moundou,Chad,TD,Northern,10,15,79.07,82,3.96,76
405,Norrköping,Sweden,SE,Northern,60,15,50.0,81,5.82,50
406,Vienna,Austria,AT,Northern,50,15,47.5,76,16.11,90
407,Split,Croatia,HR,Northern,45,15,61.2,77,9.17,75
408,Bratislava,Slovakia,SK,Northern,50,15,51.51,71,9.17,75
409,Sundsvall,Sweden,SE,Northern,60,15,45.63,87,8.05,75
410,Narvik,Norway,NO,Northern,70,20,42.78,93,14.99,75
411,Uppsala,Sweden,SE,Northern,60,20,45.27,93,9.17,31
412,Stockholm,Sweden,SE,Northern,60,20,47.44,81,11.41,20
413,Sarajevo,Bosnia and Herzegovina,BA,Northern,45,20,64.4,52,10.29,40
414,Gdynia,Poland,PL,Northern,55,20,50.05,66,4.7,73
415,Bangui,Central African Republic,CF,Northern,5,20,75.54,89,1.21,100
416,Gdańsk,Poland,PL,Northern,55,20,49.71,66,4.7,75
417,Örnsköldsvik,Sweden,SE,Northern,65,20,46.4,93,6.93,75
418,Tromsø,Norway,NO,Northern,70,20,42.8,87,3.36,90
419,Budapest,Hungary,HU,Northern,45,20,56.53,87,4.7,90
420,Podgorica,Montenegro,ME,Northern,40,20,66.2,68,3.36,20
421,Tirana,Albania,AL,Northern,40,20,68.0,68,3.36,89
422,Novi Sad,Serbia,RS,Northern,45,20,62.19,63,4.7,19
423,Kraków,Poland,PL,Northern,50,20,50.2,81,3.36,75
424,Benghazi,Libya,LY,Northern,30,20,72.86,61,5.06,95
425,Kiruna,Sweden,SE,Northern,70,20,42.8,81,2.24,75
426,Umeå,Sweden,SE,Northern,65,20,45.79,87,5.82,90
427,Belgrade,Serbia,RS,Northern,45,20,62.6,67,5.82,67
428,Kaliningrad,Russia,RO,Northern,55,20,46.4,87,4.47,8
429,Skellefteå,Sweden,SE,Northern,65,20,46.78,93,6.93,90
430,Warsaw,Poland,PL,Northern,50,20,50.7,71,6.93,2
431,Pristina,Serbia,RS,Northern,45,20,62.73,55,1.12,40
432,Skopje,Macedonia,MO,Northern,40,20,66.2,68,2.24,100
433,Piteå,Sweden,SE,Northern,65,20,46.4,93,6.93,90
434,Vaasa,Finland,FI,Northern,65,20,45.63,93,5.82,20
435,Boden,Sweden,SE,Northern,65,20,46.4,93,6.93,90
436,Luleå,Sweden,SE,Northern,65,20,46.4,93,6.93,90
437,Turku,Finland,FI,Northern,60,20,48.96,76,4.7,90
438,Thessaloniki,Greece,GR,Northern,40,25,70.5,69,8.05,20
439,Sofia,Bulgaria,BG,Northern,45,25,64.18,63,3.36,40
440,Cluj-Napoca,Romania,RO,Northern,45,25,61.59,72,5.82,40
441,Hammerfest,Norway,NO,Northern,70,25,41.0,100,9.17,75
442,Athena,Greece,GR,Northern,40,25,72.61,64,5.82,20
443,Tampere,Finland,FI,Northern,60,25,42.93,93,2.24,29
444,Craiova,Romania,RO,Northern,45,25,65.5,68,4.7,100
445,Lviv,Ukraine,UA,Northern,50,25,51.4,93,6.71,90
446,Riga,Latvia,LV,Northern,55,25,51.8,81,0.58,100
447,Haparanda,Sweden,SE,Northern,65,25,48.2,100,6.93,90
448,Tornio,Finland,FI,Northern,65,25,48.2,100,6.93,90
449,Kemi,Finland,FI,Northern,65,25,48.2,100,6.93,90
450,Espoo,Finland,FI,Northern,60,25,46.35,93,3.36,20
451,Tallinn,Estonia,EE,Northern,60,25,48.4,87,4.59,20
452,Helsinki,Finland,FI,Northern,60,25,47.61,93,3.36,20
453,Vantaa,Finland,FI,Northern,60,25,47.8,93,3.36,20
454,Heraklion,Greece,GR,Northern,35,25,71.35,69,5.82,40
455,Vilnius,Lithuania,LT,Northern,55,25,51.62,100,4.7,90
456,Oulu,Finland,FI,Northern,65,25,47.59,87,11.41,75
457,Lahti,Finland,FI,Northern,60,25,54.59,93,4.59,75
458,Rovaniemi,Finland,FI,Northern,65,25,46.4,100,4.7,90
459,Jyväskylä,Finland,FI,Northern,60,25,48.09,100,5.82,75
460,Bucharest,Romania,RO,Northern,45,25,65.52,63,0.72,99
461,Tartu,Estonia,EE,Northern,60,25,52.27,93,3.36,100
462,Pudasjärvi,Finland,FI,Northern,65,25,45.88,95,5.32,100
463,Utsjoki,Finland,FI,Northern,70,25,41.9,82,8.97,53
464,İzmir,Turkey,TR,Northern,40,25,72.39,60,4.7,1
465,Kemijärvi,Finland,FI,Northern,65,25,43.52,92,3.24,100
466,Minsk,Belarus,BY,Northern,55,30,53.6,100,4.47,90
467,Kuopio,Finland,FI,Northern,65,30,48.2,100,6.93,90
468,Nuorgam,Finland,FI,Northern,70,30,41.79,84,6.93,57
469,Chişinău,Moldova,FM,Northern,45,30,64.4,77,1.12,40
470,Istanbul,Turkey,TR,Northern,40,30,69.8,68,2.24,9
471,Bursa,Turkey,TR,Northern,40,30,68.0,60,3.36,4
472,Kuusamo,Finland,FI,Northern,65,30,44.6,93,2.24,90
473,Tiraspol,Moldova,FM,Northern,45,30,64.4,77,1.12,40
474,Vadsø,Norway,NO,Northern,70,30,43.48,93,6.93,75
475,Alexandria,Egypt,EG,Northern,30,30,76.46,57,9.06,0
476,Saint Petersburg,Russia,RO,Northern,60,30,54.57,93,4.5,75
477,Eskisehir,Turkey,TR,Northern,40,30,64.4,63,4.7,0
478,Kiev,Ukraine,UA,Northern,50,30,58.53,87,0.89,4
479,Odessa,Ukraine,UA,Northern,45,30,64.2,72,7.29,20
480,Cairo,Egypt,EG,Northern,30,30,84.2,39,12.75,0
481,Juba,South Sudan,SS,Northern,5,30,78.58,64,1.45,11
482,Port Said,Egypt,EG,Northern,30,30,77.95,62,11.68,0
483,Entebbe,Uganda,UG,Northern,0,30,77.0,69,2.24,20
484,Konya,Turkey,TR,Northern,40,30,68.0,42,2.68,0
485,Omdurman,Sudan,SD,Northern,15,30,96.91,11,2.24,0
486,Khartoum,Sudan,SD,Northern,15,35,96.91,11,2.24,0
487,Suez,Egypt,EG,Northern,30,35,75.74,64,11.16,0
488,Kampala,Uganda,UG,Northern,0,35,77.0,69,2.24,20
489,Luxor,Egypt,EG,Northern,25,35,98.6,29,4.7,0
490,Ankara,Turkey,TR,Northern,40,35,68.16,46,1.12,0
491,Murmansk,Russia,RO,Northern,70,35,39.9,95,0.72,77
492,Nicosia,Cyprus,CY,Northern,35,35,76.53,53,6.93,20
493,Simferopol,Russia,RO,Northern,45,35,60.96,91,5.08,19
494,Gaza,Palestine,PW,Northern,30,35,76.77,100,9.98,0
495,Mersin,Turkey,TR,Northern,35,35,78.8,65,6.93,0
496,Tel Aviv,Israel,IL,Northern,30,35,78.58,65,11.41,0
497,Eilat,Israel,IL,Northern,30,35,89.6,49,16.11,0
498,Jerusalem,Israel,IL,Northern,30,35,77.5,65,11.41,0
499,Adana,Turkey,TR,Northern,35,35,78.8,65,6.93,0
500,Beirut,Lebanon,LB,Northern,35,35,74.39,61,8.05,75
501,Latakia,Syria,CH,Northern,35,35,77.0,65,2.24,40
502,Amman,Jordan,JO,Northern,30,35,77.0,44,3.94,0
503,Kharkiv,Ukraine,UA,Northern,50,35,56.21,87,8.95,40
504,Damascus,Syria,CH,Northern,35,35,77.0,27,11.41,0
505,Gaziantep,Turkey,TR,Northern,35,35,68.0,34,2.24,0
506,Moscow,Russia,RO,Northern,55,40,52.03,66,6.71,100
507,Addis Ababa,Ethiopia,ET,Northern,10,40,68.0,49,11.41,40
508,Asmara,Eritrea,ER,Northern,15,40,59.54,74,8.21,0
509,Krasnodar,Russia,RO,Northern,45,40,67.05,72,6.71,40
510,Jeddah,Saudi Arabia,SA,Northern,20,40,93.2,49,6.93,0
511,Voronezh,Russia,RO,Northern,50,40,51.8,71,6.71,40
512,Medina,Saudi Arabia,SA,Northern,25,40,95.0,8,4.7,0
513,Rostov-on-Don,Russia,RO,Northern,45,40,62.6,63,11.18,92
514,Sochi,Russia,RO,Northern,45,40,61.38,72,3.98,22
515,Mecca,Saudi Arabia,SA,Northern,20,40,85.42,19,4.54,0
516,Yaroslavl,Russia,RO,Northern,60,40,46.4,70,2.24,100
517,Arkhangelsk,Russia,RO,Northern,65,40,50.0,81,2.24,90
518,Sukhumi,Georgia,GE,Northern,45,40,67.71,56,4.56,62
519,Mosul,Iraq,IQ,Northern,35,45,71.11,21,3.56,8
520,Djibouti,Djibouti,DJ,Northern,10,45,86.0,70,4.7,1
521,Tskhinvali,Georgia,GE,Northern,40,45,53.02,68,3.6,91
522,Nizhny Novgorod,Russia,RO,Northern,55,45,48.83,52,4.47,100
523,Arbil,Iraq,IQ,Northern,35,45,69.8,11,5.82,5
524,Hargeisa,Somalia,SO,Northern,10,45,73.35,51,12.68,3
525,Sana'a,Yemen,YE,Northern,15,45,64.4,31,9.42,14
526,Kirkuk,Iraq,IQ,Northern,35,45,74.57,17,8.08,0
527,Baghdad,Iraq,IQ,Northern,35,45,80.6,22,2.24,0
528,Volgograd,Russia,RO,Northern,50,45,59.0,26,15.66,100
529,Yerevan,Armenia,AM,Northern,40,45,53.6,66,2.24,49
530,Tbilisi,Georgia,GE,Northern,40,45,60.8,63,5.82,75
531,Mogadishu,Somalia,SO,Northern,0,45,79.97,80,11.92,1
532,Saratov,Russia,RO,Northern,50,45,57.0,6,10.0,83
533,Tabriz,Iran,ID,Northern,40,45,57.2,44,2.24,49
534,Riyadh,Saudi Arabia,SA,Northern,25,45,78.8,24,10.63,0
535,Stepanakert,Azerbaijan,AZ,Northern,40,45,53.69,75,1.52,100
536,Basra,Iraq,IQ,Northern,30,50,77.0,44,6.93,0
537,Kuwait City,Kuwait,KW,Northern,30,50,91.4,21,9.17,0
538,Kazan,Russia,RO,Northern,55,50,46.4,45,8.95,89
539,Tolyatti,Russia,RO,Northern,55,50,48.2,31,4.47,98
540,Baku,Azerbaijan,AZ,Northern,40,50,64.4,63,16.11,0
541,Samara,Russia,RO,Northern,55,50,48.2,31,4.47,92
542,Dammam,Saudi Arabia,SA,Northern,25,50,86.0,37,4.7,0
543,Manama,Bahrain,BH,Northern,25,50,86.0,35,3.36,0
544,Tehran,Iran,ID,Northern,35,50,64.24,31,4.7,0
545,Doha,Qatar,QA,Northern,25,50,88.05,11,5.82,0
546,Isfahan,Iran,ID,Northern,35,50,59.0,16,4.7,0
547,Izhevsk,Russia,RO,Northern,55,55,50.0,57,7.36,84
548,Salalah,Oman,OM,Northern,15,55,80.6,78,4.7,8
549,Abu Dhabi,United Arab Emirates,AE,Northern,25,55,87.8,48,8.05,0
550,Dubai,United Arab Emirates,AE,Northern,25,55,90.25,46,5.82,0
551,Ufa,Russia,RO,Northern,55,55,39.2,51,6.71,31
552,Perm,Russia,RO,Northern,60,55,51.8,62,13.42,91
553,Ashgabat,Turkmenistan,TM,Northern,40,60,53.6,34,4.7,0
554,Muscat,Oman,OM,Northern,25,60,86.0,58,2.24,0
555,Nukus,Uzbekistan,UZ,Northern,40,60,51.8,25,6.93,0
556,Mashhad,Iran,ID,Northern,35,60,46.4,39,9.17,0
557,Yekaterinburg,Russia,RO,Northern,55,60,51.8,57,8.95,96
558,Chelyabinsk,Russia,RO,Northern,55,60,53.6,61,11.18,85
559,Kandahar,Afghanistan,AF,Northern,30,65,60.8,18,2.24,1
560,Karachi,Pakistan,PK,Northern,25,65,84.2,62,9.55,27
561,Hyderabad,Pakistan,PK,Northern,25,70,74.14,94,3.36,75
562,Dushanbe,Tajikistan,TJ,Northern,40,70,51.8,66,4.47,90
563,Kabul,Afghanistan,AF,Northern,35,70,66.2,22,10.29,40
564,Tashkent,Uzbekistan,UZ,Northern,40,70,55.4,37,3.22,0
565,Astana,Kazakhstan,KZ,Northern,50,70,48.2,61,4.47,100
566,Multan,Pakistan,PK,Northern,30,70,84.2,54,8.32,0
567,Peshawar,Pakistan,PK,Northern,35,70,75.2,60,9.17,20
568,Namangan,Uzbekistan,UZ,Northern,40,70,53.6,66,6.93,0
569,Ahmedabad,India,IN,Northern,25,75,86.0,58,2.77,0
570,Mumbai,India,IN,Northern,20,75,84.2,89,4.7,75
571,Surat,India,IN,Northern,20,75,84.33,53,5.77,88
572,Rawalpindi,Pakistan,PK,Northern,35,75,73.69,64,4.7,0
573,Islamabad,Pakistan,PK,Northern,35,75,73.31,64,4.7,0
574,Faisalabad,Pakistan,PK,Northern,30,75,82.54,17,3.8,0
575,Omsk,Russia,RO,Northern,55,75,48.2,81,6.71,75
576,Malé,Maldives,MV,Northern,5,75,82.8,78,16.87,83
577,Pune,India,IN,Northern,20,75,72.54,89,4.23,100
578,Lahore,Pakistan,PK,Northern,30,75,82.4,48,2.93,0
579,Bishkek,Kyrgyzstan,KG,Northern,45,75,41.0,60,6.71,0
580,Srinagar,India,IN,Northern,35,75,57.97,34,0.47,0
581,Amritsar,India,IN,Northern,30,75,75.2,69,4.25,0
582,Jaipur,India,IN,Northern,25,75,82.4,30,2.24,1
583,Ludhiana,India,IN,Northern,30,75,76.41,27,2.42,0
584,Kochi,India,IN,Northern,10,75,78.8,94,6.38,40
585,Chandigarh,India,IN,Northern,30,75,78.8,61,4.41,5
586,Almaty,Kazakhstan,KZ,Northern,45,75,37.4,69,2.24,20
587,Trivandrum,India,IN,Northern,10,75,82.4,94,4.7,75
588,Shimla,India,IN,Northern,30,75,78.8,61,4.43,5
589,New Delhi,India,IN,Northern,30,75,83.23,51,2.57,24
590,Bangalore,India,IN,Northern,15,80,70.84,100,4.7,75
591,Agra,India,IN,Northern,25,80,75.2,78,2.93,20
592,Hyderabad,India,IN,Northern,15,80,74.14,94,3.36,75
593,Nagpur,India,IN,Northern,20,80,77.0,94,3.89,75
594,Kulpahar,India,IN,Northern,25,80,81.9,31,5.39,100
595,Colombo,Sri Lanka,LK,Northern,5,80,80.17,84,13.27,92
596,Chennai,India,IN,Northern,15,80,84.2,74,3.36,40
597,Kanpur,India,IN,Northern,25,80,80.6,78,3.11,47
598,Kandy,Sri Lanka,LK,Northern,5,80,69.87,90,5.7,100
599,Lucknow,India,IN,Northern,25,80,80.6,78,2.62,65
600,Batticaloa,Sri Lanka,LK,Northern,10,80,81.37,68,13.62,92
601,Novosibirsk,Russia,RO,Northern,55,85,41.0,100,6.71,90
602,Visakhapatnam,India,IN,Northern,20,85,77.0,100,9.17,90
603,Patna,India,IN,Northern,25,85,78.8,78,2.91,0
604,Kathmandu,Nepal,NP,Northern,30,85,69.8,88,3.36,40
605,Ürümqi,People's Republic of China,PY,Northern,45,90,46.4,52,4.47,0
606,Norilsk,Russia,RO,Northern,70,90,23.0,92,24.61,75
607,Kolkata,India,IN,Northern,25,90,82.4,88,2.95,40
608,Siliguri,India,IN,Northern,25,90,75.2,94,1.12,40
609,Gangtok,India,IN,Northern,25,90,62.8,72,2.91,15
610,Shigatse,People's Republic of China,PY,Northern,30,90,51.51,49,3.65,0
611,Thimphu,Bhutan,BT,Northern,25,90,55.44,76,1.66,24
612,Dhaka,Bangladesh,BD,Northern,25,90,86.0,74,1.05,40
613,Lhasa,People's Republic of China,PY,Northern,30,90,53.11,40,5.61,0
614,Agartala,India,IN,Northern,25,90,79.18,86,1.83,1
615,Guwahati,India,IN,Northern,25,90,82.4,100,3.36,75
616,Chittagong,Bangladesh,BD,Northern,20,90,80.83,76,0.36,0
617,Shillong,India,IN,Northern,25,90,82.4,100,3.36,75
618,Port Blair,India,IN,Northern,10,95,81.5,82,15.57,100
619,Tezpur,India,IN,Northern,25,95,77.65,88,1.81,0
620,Krasnoyarsk,Russia,RO,Northern,55,95,24.8,85,2.24,40
621,Dibrugarh,India,IN,Northern,25,95,77.23,90,1.72,1
622,Banda Aceh,Indonesia,ID,Northern,5,95,79.99,77,12.53,99
623,Naypyidaw,Myanmar,MM,Northern,20,95,74.53,91,2.17,26
624,Yangon,Myanmar,MM,Northern,15,95,80.6,83,5.82,40
625,Phuket,Thailand,TH,Northern,10,100,77.0,94,5.82,75
626,Medan,Indonesia,ID,Northern,5,100,80.6,94,5.82,40
627,Chiang Mai,Thailand,TH,Northern,20,100,78.8,78,1.16,20
628,Surat Thani,Thailand,TH,Northern,10,100,80.01,95,6.29,100
629,Chiang Rai,Thailand,TH,Northern,20,100,71.8,94,0.98,95
630,George Town,Malaysia,MY,Northern,5,100,80.29,88,4.7,20
631,Alor Setar,Malaysia,MY,Northern,5,100,77.0,100,3.44,20
632,Bangkok,Thailand,TH,Northern,15,100,80.44,83,3.18,100
633,Hat Yai,Thailand,TH,Northern,5,100,77.0,100,2.24,75
634,Ayutthaya,Thailand,TH,Northern,15,100,80.62,83,4.7,40
635,Pattaya,Thailand,TH,Northern,15,100,80.06,88,3.36,75
636,Ipoh,Malaysia,MY,Northern,5,100,78.4,88,1.12,20
637,Pekanbaru,Indonesia,ID,Northern,0,100,76.21,92,2.46,100
638,Bratsk,Russia,RO,Northern,55,100,24.8,85,8.95,70
639,Kuala Lumpur,Malaysia,MY,Northern,5,100,80.19,83,2.1,20
640,Xining,People's Republic of China,PY,Northern,35,100,38.17,75,2.01,59
641,Nakhon Ratchasima,Thailand,TH,Northern,15,100,72.14,90,6.96,100
642,Kota Bharu,Malaysia,MY,Northern,5,100,77.0,88,2.24,20
643,Vientiane,Laos,LA,Northern,20,105,71.49,85,0.38,79
644,Kunming,People's Republic of China,PY,Northern,25,105,60.8,77,4.47,94
645,Udon Thani,Thailand,TH,Northern,15,105,73.0,88,1.99,91
646,Khon Kaen,Thailand,TH,Northern,15,105,72.0,89,1.48,99
647,Johor Bahru,Malaysia,MY,Northern,0,105,81.52,69,4.7,75
648,Lanzhou,People's Republic of China,PY,Northern,35,105,42.8,52,2.24,97
649,Singapore,Singapore,SG,Northern,0,105,82.2,78,6.93,75
650,Siem Reap,Cambodia,KH,Northern,15,105,78.8,88,2.24,40
651,Chengdu,People's Republic of China,PY,Northern,30,105,65.68,100,1.01,100
652,Irkutsk,Russia,RO,Northern,50,105,28.4,79,13.42,75
653,Phnom Penh,Cambodia,KH,Northern,10,105,77.0,100,2.86,75
654,Hanoi,Vietnam,VN,Northern,20,105,71.6,64,3.36,100
655,Chongqing,People's Republic of China,PY,Northern,30,105,62.82,100,4.47,40
656,Ho Chi Minh City,Vietnam,VN,Northern,10,105,78.8,100,4.7,75
657,Ulaanbaatar,Mongolia,MN,Northern,50,105,15.8,72,2.24,7
658,Huế,Vietnam,VN,Northern,15,110,80.6,88,13.87,75
659,Da Nang,Vietnam,VN,Northern,15,110,77.0,94,12.75,90
660,Nanning,People's Republic of China,PY,Northern,25,110,68.0,82,4.54,65
661,Xi'an,People's Republic of China,PY,Northern,35,110,58.26,93,4.47,92
662,Kuching,Malaysia,MY,Northern,0,110,77.0,100,4.7,40
663,Taiyuan,People's Republic of China,PY,Northern,40,115,53.6,40,4.47,87
664,Guangzhou,People's Republic of China,PY,Northern,25,115,78.76,65,2.24,8
665,Macau,People's Republic of China,PY,Northern,20,115,80.6,78,9.17,20
666,Zhengzhou,People's Republic of China,PY,Northern,35,115,64.4,82,4.47,90
667,Dongguan,People's Republic of China,PY,Northern,25,115,81.23,69,6.71,12
668,Miri,Malaysia,MY,Northern,5,115,77.0,94,1.45,20
669,Shenzhen,People's Republic of China,PY,Northern,25,115,76.6,79,1.01,30
670,Hong Kong,People's Republic of China,PY,Northern,20,115,77.83,81,1.01,29
671,Wuhan,People's Republic of China,PY,Northern,30,115,68.0,82,4.47,3
672,Handan,People's Republic of China,PY,Northern,35,115,62.26,34,12.35,90
673,Shijiazhuang,People's Republic of China,PY,Northern,40,115,57.2,62,4.47,15
674,Bandar Seri Begawan,Brunei,IO,Northern,5,115,82.2,83,2.24,75
675,Kota Kinabalu,Malaysia,MY,Northern,5,115,78.42,88,4.7,20
676,Beijing,People's Republic of China,PY,Northern,40,115,52.2,42,1.01,0
677,Jinan,People's Republic of China,PY,Northern,35,115,64.0,58,1.01,91
678,Tianjin,People's Republic of China,PY,Northern,40,115,50.0,38,8.95,16
679,Nanjing,People's Republic of China,PY,Northern,30,120,62.91,100,5.59,0
680,Hangzhou,People's Republic of China,PY,Northern,30,120,65.64,88,4.47,0
681,Tainan,Republic of China (Taiwan),QA,Northern,25,120,76.37,88,3.36,75
682,Kaohsiung,Republic of China (Taiwan),QA,Northern,25,120,80.15,74,3.36,75
683,Qingdao,People's Republic of China,PY,Northern,35,120,64.76,68,2.24,93
684,Taichung,Republic of China (Taiwan),QA,Northern,25,120,79.12,94,5.82,75
685,Manila,Philippines,PH,Northern,15,120,77.0,100,3.36,90
686,Quezon City,Philippines,PH,Northern,15,120,77.0,100,3.36,90
687,Makati,Philippines,PH,Northern,15,120,77.0,100,3.36,90
688,Shanghai,People's Republic of China,PY,Northern,30,120,66.9,77,4.47,0
689,Taipei,Republic of China (Taiwan),QA,Northern,25,120,76.33,100,13.87,75
690,Dalian,People's Republic of China,PY,Northern,40,120,55.4,47,8.95,20
691,Zamboanga City,Philippines,PH,Northern,5,120,79.48,78,2.89,100
692,Iloilo City,Philippines,PH,Northern,10,125,76.87,87,3.49,100
693,Shenyang,People's Republic of China,PY,Northern,40,125,41.0,93,2.24,42
694,Tagbilaran,Philippines,PH,Northern,10,125,79.68,83,7.94,100
695,Cebu City,Philippines,PH,Northern,10,125,77.0,94,3.36,90
696,Changchun,People's Republic of China,PY,Northern,45,125,39.2,69,4.47,0
697,Davao City,Philippines,PH,Northern,5,125,77.0,100,2.24,75
698,Pyongyang,North Korea,NF,Northern,40,125,55.78,82,1.9,58
699,Kaesong,North Korea,NF,Northern,40,125,57.65,100,1.12,42
700,Harbin,People's Republic of China,PY,Northern,45,125,42.4,93,4.47,0
701,Incheon,South Korea,GS,Northern,35,125,58.39,77,5.82,46
702,Seoul,South Korea,GS,Northern,40,125,56.66,93,3.76,40
703,Wonsan,North Korea,NF,Northern,40,125,55.45,61,5.03,69
704,Naha,Japan,JP,Northern,25,130,76.64,83,5.82,75
705,Daegu,South Korea,GS,Northern,35,130,57.2,82,1.12,78
706,Busan,South Korea,GS,Northern,35,130,55.4,87,5.82,40
707,Yakutsk,Russia,RO,Northern,60,130,23.0,62,8.95,75
708,Chongjin,North Korea,NF,Northern,40,130,55.18,79,6.6,100
709,Fukuoka,Japan,JP,Northern,35,130,66.09,82,2.24,75
710,Vladivostok,Russia,RO,Northern,45,130,53.6,93,4.47,90
711,Hiroshima,Japan,JP,Northern,35,130,66.9,68,6.93,75
712,Verkhoyansk,Russia,RO,Northern,70,135,23.47,88,1.79,100
713,Koror,Palau,PW,Northern,5,135,80.6,83,3.36,75
714,Melekeok,Palau,PW,Northern,5,135,80.6,83,3.36,75
715,Kōbe,Japan,JP,Northern,35,135,62.82,83,5.82,90
716,Osaka,Japan,JP,Northern,35,135,63.39,83,5.82,90
717,Kyoto,Japan,JP,Northern,35,135,63.0,91,2.95,4
718,Nagoya,Japan,JP,Northern,35,135,63.79,83,6.93,20
719,Yokohama,Japan,JP,Northern,35,140,67.39,88,12.75,75
720,Tokyo,Japan,JP,Northern,35,140,66.88,88,12.75,75
721,Kawasaki,Japan,JP,Northern,35,140,67.59,88,12.75,75
722,Sendai,Japan,JP,Northern,40,140,63.0,96,4.43,100
723,Sapporo,Japan,JP,Northern,45,140,58.6,84,10.63,65
724,Hagåtña,United States,US,Northern,15,145,77.4,88,6.51,1
725,Dededo,United States,US,Northern,15,145,77.38,88,7.18,1
726,Nemuro,Japan,JP,Northern,45,145,55.92,85,12.88,100
727,Saipan,United States,US,Northern,15,145,80.6,88,4.7,1
728,Magadan,Russia,RO,Northern,60,150,35.26,82,4.72,87
729,Weno,Federated States of Micronesia,FO,Northern,5,150,78.8,94,12.08,90
730,Palikir,Federated States of Micronesia,FO,Northern,5,160,75.2,100,8.77,20
731,Petropavlovsk-Kamchatsky,Russia,RO,Northern,55,160,28.4,63,6.71,0
732,Majuro,Marshall Islands,MH,Northern,5,170,82.4,78,12.75,90
733,South Tarawa,Kiribati,KI,Northern,0,175,80.6,69,6.93,20
734,Anadyr,Russia,RO,Northern,65,180,30.09,80,8.95,75
735,Mata-Utu,France,FR,Southern,-15,-175,80.82,80,20.31,18
736,Apia,Samoa,WS,Southern,-15,-170,75.2,88,5.82,20
737,Pago Pago,United States,US,Southern,-15,-170,78.8,88,11.41,75
738,Alofi,New Zealand,NZ,Southern,-20,-170,71.6,100,12.75,58
739,Avarua,New Zealand,NZ,Southern,-20,-160,69.8,100,1.12,86
740,Papeete,France,FR,Southern,-20,-150,75.09,73,3.36,20
741,Adamstown,United Kingdom,GB,Southern,-25,-130,69.03,79,11.34,2
742,Hanga Roa,Chile,CL,Southern,-25,-110,68.0,60,16.11,90
743,Guayaquil,Ecuador,EC,Southern,0,-80,84.2,58,8.05,20
744,Trujillo,Peru,PE,Southern,-10,-80,62.6,88,9.17,90
745,Quito,Ecuador,EC,Southern,0,-80,73.4,23,9.17,6
746,Lima,Peru,PE,Southern,-10,-75,67.5,72,8.05,20
747,Ayacucho,Peru,PE,Southern,-15,-75,71.6,24,2.24,3
748,Iquitos,Peru,PE,Southern,-5,-75,93.2,56,5.82,40
749,Valdivia,Chile,CL,Southern,-40,-75,60.8,55,8.05,2
750,Concepción,Chile,CL,Southern,-35,-75,68.0,37,12.75,0
751,Puerto Montt,Chile,CL,Southern,-40,-75,57.2,67,8.05,1
752,Puerto Aisén,Chile,CL,Southern,-45,-75,51.8,50,11.41,75
753,Temuco,Chile,CL,Southern,-40,-75,60.8,63,6.93,8
754,Coihaique,Chile,CL,Southern,-45,-70,51.8,50,11.41,75
755,Cusco,Peru,PE,Southern,-15,-70,68.0,26,4.7,40
756,Valparaíso,Chile,CL,Southern,-35,-70,66.65,37,4.7,0
757,Arequipa,Peru,PE,Southern,-15,-70,69.8,19,11.41,87
758,San Carlos de Bariloche,Argentina,AR,Southern,-40,-70,62.6,12,17.22,0
759,La Serena,Chile,CL,Southern,-30,-70,55.4,87,8.05,90
760,Punta Arenas,Chile,CL,Southern,-55,-70,53.29,58,40.26,27
761,Santiago,Chile,CL,Southern,-35,-70,79.63,28,2.24,0
762,Antofagasta,Chile,CL,Southern,-25,-70,66.56,59,11.41,20
763,Arica,Chile,CL,Southern,-20,-70,69.93,60,13.87,79
764,Copiapó,Chile,CL,Southern,-25,-70,60.8,63,3.36,75
765,Iquique,Chile,CL,Southern,-20,-70,66.2,63,8.05,35
766,Río Gallegos,Argentina,AR,Southern,-50,-70,64.4,54,38.03,20
767,Calama,Chile,CL,Southern,-20,-70,77.0,9,18.34,0
768,Mendoza,Argentina,AR,Southern,-35,-70,66.2,24,8.05,0
769,Ushuaia,Argentina,AR,Southern,-55,-70,45.59,75,6.78,77
770,La Paz,Bolivia,BT,Southern,-15,-70,62.6,27,10.29,40
771,Rio Branco,Brazil,BR,Southern,-10,-70,95.0,44,9.17,40
772,Puerto Williams,Chile,CL,Southern,-55,-70,51.22,59,9.6,46
773,Comodoro Rivadavia,Argentina,AR,Southern,-45,-65,69.8,33,13.87,29
774,Salta,Argentina,AR,Southern,-25,-65,84.2,18,8.05,0
775,Trelew,Argentina,AR,Southern,-45,-65,70.88,22,12.97,0
776,Sucre,Bolivia,BT,Southern,-20,-65,66.2,45,11.41,40
777,San Miguel de Tucumán,Argentina,AR,Southern,-25,-65,78.8,21,9.17,0
778,Córdoba,Argentina,AR,Southern,-30,-65,73.53,18,8.05,0
779,Porto Velho,Brazil,BR,Southern,-10,-65,93.2,49,5.82,20
780,Santa Cruz de la Sierra,Bolivia,BT,Southern,-20,-65,96.8,39,18.34,40
781,Bahía Blanca,Argentina,AR,Southern,-40,-60,61.7,59,11.59,68
782,Rosario,Argentina,AR,Southern,-35,-60,75.34,33,14.99,17
783,Manaus,Brazil,BR,Southern,-5,-60,91.4,59,3.36,40
784,Buenos Aires,Argentina,AR,Southern,-35,-60,62.22,55,12.75,75
785,Stanley,United Kingdom,GB,Southern,-50,-60,51.94,66,5.82,75
786,Asunción,Paraguay,PY,Southern,-25,-60,95.0,15,2.24,7
787,Montevideo,Uruguay,UY,Southern,-35,-55,69.13,52,17.22,40
788,Cuiabá,Brazil,BR,Southern,-15,-55,95.0,34,9.17,76
789,Sinop,Brazil,BR,Southern,-10,-55,69.8,83,4.7,75
790,Ciudad del Este,Paraguay,PY,Southern,-25,-55,87.82,31,4.7,0
791,Campo Grande,Brazil,BR,Southern,-20,-55,93.2,34,9.17,75
792,Chuí,Brazil,BR,Southern,-35,-55,66.97,55,11.81,16
793,Pelotas,Brazil,BR,Southern,-30,-50,69.01,68,8.01,38
794,Porto Alegre,Brazil,BR,Southern,-30,-50,76.51,44,5.82,0
795,Assis,Brazil,BR,Southern,-25,-50,87.48,24,6.69,17
796,São José do Rio Preto,Brazil,BR,Southern,-20,-50,98.37,16,8.9,0
797,Goiânia,Brazil,BR,Southern,-15,-50,86.0,48,4.7,85
798,Curitiba,Brazil,BR,Southern,-25,-50,68.58,55,5.82,75
799,Bauru,Brazil,BR,Southern,-20,-50,84.99,23,5.99,2
800,Belém,Brazil,BR,Southern,0,-50,87.8,62,8.05,40
801,Florianópolis,Brazil,BR,Southern,-30,-50,73.83,44,12.75,33
802,Palmas,Brazil,BR,Southern,-10,-50,71.6,100,12.75,75
803,Uberlândia,Brazil,BR,Southern,-20,-50,93.43,20,7.94,35
804,Araraquara,Brazil,BR,Southern,-20,-50,88.83,29,6.42,13
805,Brasília,Brazil,BR,Southern,-15,-50,81.73,58,5.82,20
806,Ribeirão Preto,Brazil,BR,Southern,-20,-50,87.8,27,5.82,0
807,Imperatriz,Brazil,BR,Southern,-5,-45,99.54,30,3.36,71
808,Campinas,Brazil,BR,Southern,-25,-45,78.8,26,10.29,12
809,São Paulo,Brazil,BR,Southern,-25,-45,70.63,52,13.87,0
810,Poços de Caldas,Brazil,BR,Southern,-20,-45,82.29,38,1.92,5
811,São José dos Campos,Brazil,BR,Southern,-25,-45,77.0,31,4.7,20
812,São Luís,Brazil,BR,Southern,-5,-45,89.6,55,12.75,40
813,Belo Horizonte,Brazil,BR,Southern,-20,-45,77.0,61,8.05,75
814,Juiz de Fora,Brazil,BR,Southern,-20,-45,69.1,68,5.7,83
815,Rio de Janeiro,Brazil,BR,Southern,-25,-45,75.2,57,12.75,75
816,Teresina,Brazil,BR,Southern,-5,-45,95.0,34,5.82,20
817,Governador Valadares,Brazil,BR,Southern,-20,-40,79.93,62,7.43,97
818,Petrolina,Brazil,BR,Southern,-10,-40,96.8,28,9.17,75
819,Vitória,Brazil,BR,Southern,-20,-40,75.94,53,14.99,75
820,Sobral,Brazil,BR,Southern,-5,-40,103.62,15,7.16,0
821,Juazeiro do Norte,Brazil,BR,Southern,-5,-40,100.83,16,6.6,3
822,Ilhéus,Brazil,BR,Southern,-15,-40,83.57,65,9.13,87
823,Fortaleza,Brazil,BR,Southern,-5,-40,84.83,58,13.87,20
824,Salvador,Brazil,BR,Southern,-15,-40,83.05,78,4.7,20
825,Aracaju,Brazil,BR,Southern,-10,-35,86.0,58,17.22,40
826,Grytviken,United Kingdom,GB,Southern,-55,-35,36.55,79,12.84,93
827,Garanhuns,Brazil,BR,Southern,-10,-35,93.6,17,11.72,17
828,Caruaru,Brazil,BR,Southern,-10,-35,92.37,23,13.0,1
829,Campina Grande,Brazil,BR,Southern,-5,-35,89.82,31,13.76,6
830,Maceió,Brazil,BR,Southern,-10,-35,91.4,55,14.99,10
831,Natal,Brazil,BR,Southern,-5,-35,86.0,55,13.87,40
832,Recife,Brazil,BR,Southern,-10,-35,86.0,48,9.17,20
833,João Pessoa,Brazil,BR,Southern,-5,-35,86.0,55,10.29,40
834,Jamestown,United Kingdom,GB,Southern,-15,-5,60.1,71,9.17,1
835,Luanda,Angola,AO,Southern,-10,15,78.8,74,11.41,94
836,Brazzaville,Republic of the Congo,QA,Southern,-5,15,87.8,52,10.29,40
837,Kinshasa,Democratic Republic of the Congo,CZ,Southern,-5,15,80.2,69,4.72,99
838,Huambo,Angola,AO,Southern,-15,15,79.7,20,4.7,42
839,Windhoek,Namibia,,Southern,-25,15,84.2,12,8.05,0
840,Cape Town,South Africa,ZA,Southern,-35,20,63.93,48,12.75,100
841,Kimberley,South Africa,ZA,Southern,-30,25,71.6,21,5.82,0
842,Port Elizabeth,South Africa,ZA,Southern,-35,25,59.0,67,9.17,20
843,Mafikeng,South Africa,ZA,Southern,-25,25,69.8,49,11.41,50
844,Livingstone,Zambia,ZM,Southern,-20,25,82.94,39,5.97,72
845,Gaborone,Botswana,BW,Southern,-25,25,64.4,82,13.87,90
846,Bloemfontein,South Africa,ZA,Southern,-30,25,64.4,22,8.05,0
847,Bhisho,South Africa,ZA,Southern,-35,25,59.0,58,4.7,20
848,Lubumbashi,Democratic Republic of the Congo,CZ,Southern,-10,25,74.75,54,2.53,50
849,Maseru,Lesotho,LS,Southern,-30,25,57.81,35,2.28,36
850,Francistown,Botswana,BW,Southern,-20,30,62.6,77,14.99,20
851,Johannesburg,South Africa,ZA,Southern,-25,30,55.36,87,2.24,100
852,Pretoria,South Africa,ZA,Southern,-25,30,55.9,87,8.05,100
853,Lusaka,Zambia,ZM,Southern,-15,30,87.8,27,4.7,43
854,Bulawayo,Zimbabwe,ZW,Southern,-20,30,62.87,87,10.71,86
855,Ndola,Zambia,ZM,Southern,-15,30,74.1,49,2.68,42
856,Bujumbura,Burundi,BI,Southern,-5,30,75.24,67,1.59,66
857,Polokwane,South Africa,ZA,Southern,-25,30,53.6,93,6.93,90
858,Gweru,Zimbabwe,ZW,Southern,-20,30,62.78,86,15.66,78
859,Kigali,Rwanda,RW,Southern,0,30,71.06,60,3.36,75
860,Pietermaritzburg,South Africa,ZA,Southern,-30,30,57.04,81,5.37,100
861,Nelspruit,South Africa,ZA,Southern,-25,30,53.6,93,2.24,90
862,Harare,Zimbabwe,ZW,Southern,-20,30,64.49,78,7.34,100
863,Durban,South Africa,ZA,Southern,-30,30,58.12,82,12.75,75
864,Mbabane,Swaziland,SZ,Southern,-25,30,45.99,100,6.93,100
865,Lobamba,Swaziland,SZ,Southern,-25,30,41.0,100,6.93,100
866,Manzini,Swaziland,SZ,Southern,-25,30,48.76,100,6.93,100
867,Mutare,Zimbabwe,ZW,Southern,-20,35,64.0,93,4.94,100
868,Maputo,Mozambique,MZ,Southern,-25,35,60.8,87,8.05,90
869,Mwanza,Tanzania,TJ,Southern,-5,35,77.0,69,12.75,20
870,Lilongwe,Malawi,MW,Southern,-15,35,81.95,41,5.48,78
871,Blantyre,Malawi,MW,Southern,-15,35,70.02,83,7.58,100
872,Dodoma,Tanzania,TJ,Southern,-5,35,80.08,32,11.95,82
873,Nairobi,Kenya,KE,Southern,0,35,75.2,50,5.82,77
874,Dar es Salaam,Tanzania,TJ,Southern,-5,40,78.6,74,8.08,0
875,Mombasa,Kenya,KE,Southern,-5,40,80.6,78,6.93,20
876,Kismayo,Somalia,SO,Southern,0,45,79.11,78,14.54,8
877,Moroni,Comoros,KM,Southern,-10,45,79.21,78,1.03,28
878,Mamoudzou,France,FR,Southern,-15,45,80.6,78,3.36,11
879,Antananarivo,Madagascar,MG,Southern,-20,50,66.2,88,10.29,75
880,Saint-Denis,France,FR,Southern,-20,55,54.59,81,5.82,75
881,Victoria,Seychelles,SC,Southern,-5,55,77.83,82,15.03,29
882,Port Louis,Mauritius,MU,Southern,-20,60,75.09,83,11.41,75
883,Padang,Indonesia,ID,Southern,0,100,78.8,79,2.75,100
884,Palembang,Indonesia,ID,Southern,-5,105,75.6,91,2.84,100
885,Jakarta,Indonesia,ID,Southern,-5,105,77.65,83,5.82,20
886,Bogor,Indonesia,ID,Southern,-5,105,77.11,88,4.7,71
887,Bandung,Indonesia,ID,Southern,-5,110,70.27,82,2.42,100
888,Pontianak,Indonesia,ID,Southern,0,110,76.78,94,5.75,100
889,Yogyakarta,Indonesia,ID,Southern,-10,110,80.01,77,0.76,13
890,Semarang,Indonesia,ID,Southern,-5,110,51.01,10,4.65,71
891,Malang,Indonesia,ID,Southern,-10,115,71.01,84,0.83,45
892,Surabaya,Indonesia,ID,Southern,-5,115,82.02,74,7.23,22
893,Denpasar,Indonesia,ID,Southern,-10,115,80.6,88,13.87,40
894,Mandurah,Australia,AU,Southern,-35,115,59.0,78,1.99,0
895,Perth,Australia,AU,Southern,-30,115,57.4,82,10.29,0
896,Balikpapan,Indonesia,ID,Southern,0,115,78.55,81,6.4,70
897,Port Hedland,Australia,AU,Southern,-20,120,77.0,65,14.99,0
898,Makassar,Indonesia,ID,Southern,-5,120,75.2,73,6.93,20
899,Dili,Timor-Leste,TL,Southern,-10,125,79.57,59,3.94,82
900,Ambon,Indonesia,ID,Southern,-5,130,80.01,14,9.35,98
901,Darwin,Australia,AU,Southern,-10,130,81.63,78,6.93,75
902,Adelaide,Australia,AU,Southern,-35,140,61.56,48,9.17,17
903,Jayapura,Indonesia,ID,Southern,-5,140,73.0,92,5.5,50
904,Geelong,Australia,AU,Southern,-40,145,43.0,100,4.7,25
905,Melbourne,Australia,AU,Southern,-40,145,88.3,66,10.29,75
906,Cairns,Australia,AU,Southern,-15,145,72.68,83,8.05,75
907,Townsville,Australia,AU,Southern,-20,145,75.65,73,9.17,90
908,Port Moresby,Papua New Guinea,PG,Southern,-10,145,77.0,100,9.17,90
909,Hobart,Australia,AU,Southern,-45,145,43.66,93,5.82,90
910,Canberra,Australia,AU,Southern,-35,150,53.22,87,5.82,90
911,Rockhampton,Australia,AU,Southern,-25,150,71.6,73,5.82,90
912,Wollongong,Australia,AU,Southern,-35,150,58.44,84,1.01,96
913,Sydney,Australia,AU,Southern,-35,150,63.97,88,12.75,75
914,Newcastle,Australia,AU,Southern,-35,150,60.13,87,4.88,24
915,Brisbane,Australia,AU,Southern,-25,155,65.59,68,5.82,75
916,Gold Coast,Australia,AU,Southern,-30,155,62.96,93,5.75,74
917,Honiara,Solomon Islands,SB,Southern,-10,160,73.4,100,6.46,20
918,Nouméa,France,FR,Southern,-20,165,73.02,94,1.12,35
919,Kingston,Australia,AU,Southern,-30,170,87.01,60,9.17,20
920,Port Vila,Vanuatu,VU,Southern,-20,170,77.0,94,4.7,40
921,Invercargill,New Zealand,NZ,Southern,-45,170,53.01,90,8.99,92
922,Dunedin,New Zealand,NZ,Southern,-45,170,54.91,69,5.99,51
923,Christchurch,New Zealand,NZ,Southern,-45,175,54.57,71,5.82,48
924,Nelson,New Zealand,NZ,Southern,-40,175,57.58,93,3.0,75
925,Auckland,New Zealand,NZ,Southern,-35,175,60.1,77,13.87,100
926,Wellington,New Zealand,NZ,Southern,-40,175,55.74,87,25.28,99
927,Hamilton,New Zealand,NZ,Southern,-40,175,69.84,77,8.05,75
928,Hastings,New Zealand,NZ,Southern,-40,175,53.53,71,1.99,60
929,Suva,Fiji,FJ,Southern,-20,180,75.2,83,10.29,75
930,Funafuti,Tuvalu,TV,Southern,-10,180,84.2,70,8.05,75
931,Labasa,Fiji,FJ,Southern,-15,180,75.9,85,11.79,64
